FIPS,EDU_PESS_Districts,EDU_PESS_Schools,EDU_PESS_Local_Inst,EDU_PESS_Students
01001,1,15,15,
01003,1,45,45,31214
01005,2,8,8,4796
01007,3,10,9,3291
01009,2,20,20,9285
01011,1,4,4,
01013,1,7,7,3131
01015,5,37,37,17925
01017,2,14,14,4537
01019,1,8,8,4021
01021,1,13,13,7756
01023,1,4,4,1417
01025,2,10,10,3962
01027,1,4,4,1936
01029,1,9,9,
01031,4,17,16,9813
01033,4,25,25,8087
01035,2,7,7,1858
01037,1,4,4,
01039,3,15,15,6187
01041,1,4,4,
01043,2,35,35,12696
01045,3,16,16,
01047,2,25,25,6661
01049,2,20,20,12244
01051,2,18,18,13266
01053,3,18,17,5543
01055,7,43,41,15556
01057,1,6,6,2375
01059,2,13,13,6137
01061,2,13,13,4044
01063,1,5,5,
01065,1,7,7,2611
01067,1,6,6,2489
01069,3,32,32,15532
01071,3,25,25,7992
01073,22,196,186,99112
01075,1,5,5,2366
01077,2,20,20,12879
01079,2,15,15,4834
01081,4,34,34,23660
01083,2,24,24,16119
01085,1,8,8,1508
01087,2,7,7,2023
01089,6,81,81,52009
01091,3,10,10,3838
01093,2,15,15,4634
01095,5,35,35,18105
01097,10,102,95,62155
01099,1,9,9,
01101,7,62,55,31732
01103,3,45,45,19639
01105,1,3,3,1442
01107,1,8,8,2609
01109,2,11,11,
01111,2,11,11,3786
01113,2,21,21,9359
01115,2,27,27,13123
01117,5,43,31,34388
01119,1,6,6,1569
01121,4,33,29,11867
01123,2,10,10,5983
01125,5,58,58,28846
01127,2,24,24,10445
01129,1,8,8,2812
01131,1,6,6,1767
01133,2,14,14,4212
02013,1,4,4,239
02020,3,105,105,48789
02060,2,16,16,131
02068,1,4,4,873
02090,2,46,46,19239
02100,1,3,3,266
02110,1,15,15,4852
02122,1,43,43,9013
02130,1,9,9,2361
02150,1,15,15,2425
02164,,,,349
02170,1,47,47,18809
02185,1,11,11,2144
02188,1,13,13,2131
02195,1,3,3,475
02220,2,7,6,1717
02230,1,1,1,132
02275,1,3,3,273
02282,1,2,2,85
04001,12,36,36,10599
04003,27,74,54,19475
04005,20,63,43,18590
04007,14,28,22,7748
04009,13,35,22,6912
04011,8,7,6,1779
04012,6,12,12,2505
04013,359,1232,752,733981
04015,24,66,42,23902
04017,18,77,49,18161
04019,85,362,215,146350
04021,42,123,86,57114
04023,14,27,20,10305
04025,46,93,56,25039
04027,18,73,57,38165
05001,3,9,8,2934
05003,2,7,7,3821
05005,3,10,10,5016
05007,10,69,63,46197
05009,8,20,19,6029
05011,2,7,7,2058
05013,1,2,2,572
05015,3,10,10,3946
05017,2,6,6,1496
05019,3,8,8,2767
05021,3,7,7,2497
05023,4,9,9,3341
05025,2,5,5,1532
05027,2,11,11,3593
05029,4,11,11,3291
05031,8,38,38,18685
05033,5,23,23,10812
05035,4,20,19,10203
05037,2,6,4,3301
05039,1,2,2,963
05041,2,6,6,2599
05043,3,8,8,3098
05045,6,39,39,19040
05047,3,7,7,2960
05049,3,6,6,1691
05051,8,28,27,15230
05053,2,8,8,3846
05055,3,15,15,7942
05057,4,9,9,3571
05059,6,15,14,5401
05061,3,8,8,3058
05063,4,15,15,6515
05065,4,7,7,1827
05067,2,5,5,2269
05069,8,26,22,11180
05071,3,10,10,4833
05073,1,2,2,950
05075,6,10,9,3135
05077,1,2,2,814
05079,1,3,3,1588
05081,2,6,6,1913
05083,5,12,12,3889
05085,4,24,24,13907
05087,1,6,6,2665
05089,2,5,5,1838
05091,3,16,16,6900
05093,7,18,17,8222
05095,2,4,4,1051
05097,2,4,4,1255
05099,2,4,4,1388
05101,2,8,8,1105
05103,5,12,11,3891
05105,2,4,4,1626
05107,5,13,7,3618
05109,3,8,8,1885
05111,5,14,14,4235
05113,3,12,12,3208
05115,5,22,22,10255
05117,2,4,4,1224
05119,21,129,92,60036
05121,2,6,6,2431
05123,3,8,7,3545
05125,5,26,25,18386
05127,2,6,6,2408
05129,2,10,10,1063
05131,6,41,39,20490
05133,3,8,7,3249
05135,2,6,6,2876
05137,1,7,7,1731
05139,7,19,17,7526
05141,3,7,7,2286
05143,13,70,66,40491
05145,10,28,27,12898
05147,2,4,4,1066
05149,4,11,11,4289
06001,29,398,393,226429
06003,2,3,3,82
06005,3,16,15,4100
06007,16,97,96,31357
06009,5,22,22,5583
06011,6,20,20,4847
06013,22,274,272,176729
06015,3,17,16,4258
06017,18,65,64,28733
06019,41,350,340,201634
06021,9,28,27,5381
06023,33,89,88,18386
06025,19,70,69,38629
06027,8,27,27,2607
06029,55,267,262,183535
06031,16,67,61,28450
06033,10,42,41,9433
06035,12,24,23,4253
06037,114,2274,2254,1501442
06039,10,79,79,31447
06041,23,78,77,33514
06043,2,15,15,1909
06045,15,68,67,13165
06047,23,113,112,58255
06049,4,11,10,996
06051,4,16,15,1633
06053,27,141,140,79525
06055,7,46,45,20546
06057,14,56,56,13923
06059,36,615,611,491538
06061,19,113,111,65850
06063,3,15,14,2156
06065,27,504,501,427822
06067,16,374,368,245547
06069,12,27,27,10752
06071,38,553,550,405198
06073,47,757,748,501704
06075,5,135,132,59915
06077,17,238,237,146054
06079,12,84,84,34771
06081,25,181,180,94957
06083,24,122,119,69058
06085,40,415,412,272321
06087,17,83,82,39379
06089,28,99,98,26477
06091,3,7,6,376
06093,28,52,51,6328
06095,8,117,117,64519
06097,45,185,184,69810
06099,30,190,186,109274
06101,14,46,45,21786
06103,16,45,44,10814
06105,10,24,24,1564
06107,44,192,192,103599
06109,12,30,30,5979
06111,22,214,213,152134
06113,7,62,61,30586
06115,6,39,39,14166
08001,13,137,137,90724
08003,4,6,6,2636
08005,12,173,173,114442
08007,1,3,3,1568
08009,5,11,11,615
08011,2,8,8,796
08013,5,109,109,48152
08014,,,,12915
08015,2,10,10,2310
08017,2,4,4,320
08019,2,5,5,858
08021,3,10,10,1568
08023,2,2,2,482
08025,1,3,3,437
08027,1,3,3,373
08029,2,18,18,4962
08031,7,251,204,91969
08033,1,3,3,273
08035,2,91,91,67954
08037,2,18,18,8308
08039,6,17,17,3336
08041,32,221,215,119726
08043,4,15,15,5144
08045,3,26,26,10782
08047,1,2,2,435
08049,2,6,6,1691
08051,2,7,7,2053
08053,1,1,1,111
08055,2,5,5,782
08057,1,1,1,192
08059,2,164,164,86781
08061,2,5,5,255
08063,5,9,9,1400
08065,3,5,4,1033
08067,5,21,20,7790
08069,6,91,91,48592
08071,6,13,13,2241
08073,5,5,5,712
08075,5,13,13,2953
08077,5,52,52,23540
08079,1,1,1,81
08081,2,8,8,2219
08083,3,19,19,4056
08085,3,18,18,6551
08087,5,17,17,5597
08089,8,14,14,3299
08091,4,6,6,523
08093,3,8,8,1673
08095,4,5,5,910
08097,2,5,5,2145
08099,6,13,13,2370
08101,8,58,58,31458
08103,4,5,5,1281
08105,3,12,12,1988
08107,5,14,14,3477
08109,3,8,8,968
08111,1,3,3,80
08113,2,5,5,1143
08115,2,5,5,752
08117,2,9,9,3557
08119,2,7,7,2854
08121,5,11,11,945
08123,18,83,81,53913
08125,4,10,10,1788
10001,12,49,43,29011
10003,28,129,109,78428
10005,9,50,49,28825
11001,67,220,112,84942
12001,2,69,67,30625
12003,1,9,9,5004
12005,1,52,52,28024
12007,1,12,12,3225
12009,1,124,124,73444
12011,4,356,356,272531
12013,1,10,10,2183
12015,1,25,25,15923
12017,1,25,25,15363
12019,1,52,52,37011
12021,1,70,70,46416
12023,1,22,22,10066
12027,1,13,13,4912
12029,1,9,9,2152
12031,1,209,209,130119
12033,1,71,71,40386
12035,1,15,15,12931
12037,1,5,5,1320
12039,1,23,23,5620
12041,1,7,7,2751
12043,1,10,10,1689
12045,1,7,7,1960
12047,1,9,9,1688
12049,1,11,11,5260
12051,1,17,17,7398
12053,1,38,38,22218
12055,1,23,23,12318
12057,1,304,304,214243
12059,1,11,11,3311
12061,1,29,29,17879
12063,1,23,23,6738
12065,1,9,9,734
12067,1,7,7,1268
12069,1,59,59,42472
12071,1,125,125,92686
12073,4,64,59,36206
12075,1,15,15,5503
12077,1,10,10,1407
12079,1,15,15,2759
12081,1,78,78,48883
12083,1,68,68,43163
12085,1,38,38,19026
12086,1,528,528,357249
12087,1,24,24,8571
12089,1,21,21,11546
12091,1,51,51,31093
12093,1,15,15,6616
12095,2,261,257,208183
12097,1,76,76,62905
12099,3,279,277,193856
12101,1,116,116,72342
12103,1,168,168,102696
12105,2,165,165,102243
12107,1,25,25,11255
12109,2,54,48,39131
12111,1,51,51,41799
12113,1,38,38,27473
12115,1,61,61,42811
12117,1,76,76,67808
12119,1,14,14,8605
12121,1,13,13,6056
12123,1,10,10,2808
12125,1,9,9,2340
12127,1,91,91,63028
12129,1,14,14,5178
12131,1,20,20,9172
12133,2,11,10,3234
13001,1,6,6,3613
13003,1,4,4,1736
13005,1,4,4,2114
13007,1,1,1,301
13009,1,6,6,5519
13011,1,4,4,3197
13013,1,15,15,13568
13015,2,23,23,18170
13017,1,4,4,3252
13019,1,5,5,3149
13021,3,40,38,24583
13023,1,5,5,2516
13025,1,7,7,3496
13027,1,4,4,2129
13029,1,10,10,8941
13031,3,16,15,10695
13033,1,5,5,4283
13035,1,5,5,3444
13037,2,4,3,1196
13039,1,12,12,9199
13043,1,4,4,2193
13045,2,29,29,19957
13047,1,16,16,10690
13049,1,4,4,1689
13051,1,56,56,38062
13053,1,3,3,
13055,2,9,9,4240
13057,2,38,37,42734
13059,2,22,22,13447
13061,1,3,3,227
13063,4,65,62,69612
13065,1,3,3,1387
13067,3,123,123,122100
13069,1,12,12,7704
13071,1,14,14,9697
13073,1,31,31,26914
13075,2,4,4,3243
13077,4,30,28,23646
13079,1,3,3,1665
13081,1,5,5,4197
13083,1,4,4,2190
13085,1,7,7,3437
13087,1,9,9,5253
13089,5,168,140,111376
13091,2,5,5,3223
13093,1,3,3,1325
13095,1,23,23,14950
13097,1,35,35,26297
13099,1,3,3,2158
13101,1,2,2,823
13103,1,13,13,11988
13105,1,5,5,3083
13107,1,6,6,4392
13109,1,3,3,1869
13111,1,5,5,2923
13113,2,25,24,20393
13115,4,28,27,16329
13117,1,37,37,46238
13119,1,6,6,3700
13121,9,202,196,147186
13123,2,6,6,4175
13125,1,1,1,588
13127,1,17,17,13376
13129,2,15,15,10758
13131,1,7,7,4681
13133,1,5,5,2476
13135,5,144,141,187322
13137,1,14,14,6467
13139,2,40,40,35207
13141,1,3,3,953
13143,2,10,10,5762
13145,1,7,7,5275
13147,1,5,5,3480
13149,1,5,5,2054
13151,1,50,50,41930
13153,2,37,37,29003
13155,1,3,3,1760
13157,3,19,19,12773
13159,1,4,4,2422
13161,1,4,4,3143
13163,1,6,6,2685
13165,1,3,3,1172
13167,1,3,3,1166
13169,1,7,7,5370
13171,1,4,4,2736
13173,1,4,4,1773
13175,2,13,13,8996
13177,1,8,8,6447
13179,1,12,12,
13181,1,3,3,1193
13183,1,4,4,3582
13185,3,20,19,19278
13187,1,5,5,3822
13189,2,6,6,4133
13191,1,3,3,1416
13193,1,3,3,1437
13195,2,8,7,5756
13197,1,2,2,1458
13199,1,8,8,2813
13201,1,3,3,1036
13205,3,8,8,3894
13207,1,5,5,4075
13209,1,3,3,917
13211,1,4,4,3152
13213,1,11,11,7471
13215,1,53,53,31643
13217,1,23,23,19682
13219,1,10,10,7503
13221,1,4,4,2112
13223,1,33,33,29018
13225,1,6,6,3639
13227,1,7,7,4403
13229,1,5,5,3656
13231,1,5,5,3328
13233,1,11,11,7780
13235,1,4,4,1373
13237,1,4,4,2965
13239,1,2,2,333
13241,1,4,4,2255
13243,2,4,3,1077
13245,2,59,58,31863
13247,1,18,18,16568
13249,2,2,2,1311
13251,1,3,3,2328
13253,1,2,2,1538
13255,2,18,18,10305
13257,1,6,6,4087
13259,1,3,3,513
13261,1,7,7,4751
13263,1,1,1,491
13265,1,1,1,153
13267,1,7,7,3762
13269,1,5,5,1462
13271,1,3,3,1741
13273,1,3,3,1419
13275,2,12,12,8791
13277,1,11,11,7763
13279,2,9,9,5556
13281,1,3,3,1011
13283,1,2,2,1172
13285,1,18,18,12368
13287,1,4,4,1355
13289,1,3,3,852
13291,1,5,5,2855
13293,1,4,4,4180
13295,2,18,18,10243
13297,2,19,19,15788
13299,2,9,9,6177
13301,1,3,3,609
13303,2,4,4,3117
13305,1,8,8,5524
13307,1,2,2,376
13309,1,3,3,1009
13311,3,8,7,5745
13313,2,31,31,21338
13315,1,3,3,1212
13317,1,4,4,1577
13319,1,4,4,1452
13321,1,5,5,3329
15001,,,,27076
15003,1,290,290,122657
15007,,,,9826
15009,,,,21991
16001,16,138,120,77269
16003,2,3,3,426
16005,6,34,31,14766
16007,1,6,6,1169
16009,2,8,8,1312
16011,8,31,28,10347
16013,2,9,8,3457
16015,3,6,6,766
16017,3,19,18,5109
16019,8,49,44,24028
16021,1,5,5,1446
16023,1,4,4,438
16025,1,2,2,124
16027,15,74,66,40365
16029,3,8,8,1418
16031,1,18,18,5449
16033,1,2,2,126
16035,1,8,8,1110
16037,2,6,6,555
16039,4,16,13,4600
16041,2,9,9,3294
16043,1,8,8,2200
16045,1,9,9,2553
16047,6,10,8,3265
16049,3,10,10,1765
16051,3,15,15,6869
16053,3,9,8,4704
16055,8,45,41,22578
16057,8,20,17,4713
16059,3,8,6,973
16061,3,5,5,761
16063,3,6,6,959
16065,2,15,15,6964
16067,1,12,12,4221
16069,3,15,15,5348
16071,1,6,6,1101
16073,4,10,10,2338
16075,3,13,13,4284
16077,3,7,7,1680
16079,4,9,9,1653
16081,1,7,7,1747
16083,9,34,33,15770
16085,2,8,8,1329
16087,3,9,9,1817
17001,9,28,23,9452
17003,4,5,5,895
17005,2,8,8,2231
17007,3,17,16,9806
17009,1,3,3,733
17011,14,23,23,5162
17013,2,4,4,591
17015,3,9,9,2222
17017,4,8,8,2257
17019,19,60,57,24790
17021,7,22,22,5148
17023,3,8,8,2666
17025,4,8,8,2369
17027,12,18,18,5453
17029,6,23,13,6694
17031,175,1279,1221,774200
17033,5,10,10,2821
17035,2,6,6,1593
17037,13,42,41,16606
17039,2,8,8,2440
17041,4,12,12,3038
17043,50,264,250,147626
17045,6,16,16,3034
17047,1,3,3,931
17049,5,14,14,5151
17051,7,16,11,2944
17053,4,10,10,2645
17055,12,24,19,6240
17057,6,19,19,5131
17059,1,3,3,752
17061,3,6,6,1883
17063,15,30,24,12181
17065,1,4,4,1259
17067,8,13,13,2967
17069,1,3,3,580
17071,1,4,4,829
17073,11,28,26,8425
17075,9,24,23,4411
17077,10,28,20,7180
17079,2,5,4,1397
17081,17,26,21,5978
17083,2,5,5,2602
17085,9,18,17,3344
17087,6,7,7,1852
17089,15,156,143,94437
17091,16,40,36,17937
17093,7,46,42,29456
17095,7,21,21,7041
17097,54,216,201,127904
17099,30,49,45,15890
17101,2,6,6,2199
17103,6,14,14,4291
17105,14,23,21,5876
17107,9,13,13,3637
17109,6,20,12,3453
17111,22,104,103,54535
17113,14,57,53,25755
17115,11,48,44,16262
17117,10,30,26,8459
17119,18,82,79,37838
17121,15,29,26,6462
17123,2,5,5,2018
17125,3,10,10,2412
17127,2,9,9,2488
17129,3,9,9,1826
17131,2,10,10,2088
17133,6,15,12,5207
17135,5,16,16,4283
17137,6,23,21,4949
17139,2,6,6,1696
17141,11,26,25,8743
17143,21,75,72,28756
17145,6,8,8,2794
17147,4,13,13,3190
17149,4,11,11,2536
17151,1,2,2,527
17153,3,5,4,843
17155,1,4,4,858
17157,8,14,13,4101
17159,2,5,3,2398
17161,13,51,47,22367
17163,34,90,87,43413
17165,4,13,13,4149
17167,15,74,67,30581
17169,1,4,4,1123
17171,2,5,5,854
17173,4,10,10,2842
17175,2,5,5,905
17177,7,23,20,6609
17179,21,55,52,20535
17181,7,15,15,2954
17183,14,38,36,13078
17185,2,5,5,1650
17187,4,14,9,2714
17189,6,7,7,1919
17191,7,12,12,2504
17193,6,15,12,2579
17195,13,35,28,9104
17197,36,173,166,124073
17199,7,23,21,10388
17201,14,92,87,44972
17203,11,24,24,6600
18001,4,10,10,4366
18003,6,86,84,53982
18005,2,19,19,12425
18007,1,4,4,1871
18009,1,5,5,1708
18011,3,17,17,12074
18013,1,6,6,2001
18015,2,6,6,2521
18017,3,14,14,6621
18019,5,32,31,17214
18021,1,10,10,4228
18023,4,11,11,6314
18025,1,5,5,1555
18027,4,11,11,4569
18029,3,15,15,7976
18031,2,7,7,4228
18033,4,16,16,7148
18035,10,36,33,15736
18037,5,18,18,7127
18039,7,57,57,36588
18041,2,9,9,3562
18043,2,17,16,11962
18045,3,7,7,2741
18047,2,9,9,3696
18049,2,6,6,2880
18051,3,13,13,4932
18053,6,28,27,10469
18055,6,14,13,5103
18057,11,69,64,62736
18059,5,21,21,13197
18061,3,15,15,6127
18063,6,42,42,29475
18065,5,18,18,7346
18067,6,27,26,13811
18069,1,11,11,5265
18071,4,15,15,6983
18073,2,9,9,5279
18075,1,10,10,3376
18077,4,11,10,4358
18079,1,8,8,4400
18081,8,38,37,26396
18083,4,12,11,5252
18085,3,20,20,11888
18087,3,13,13,5513
18089,29,130,118,81268
18091,8,36,35,16876
18093,2,19,19,6541
18095,7,28,26,19499
18097,64,247,193,158125
18099,5,15,15,8044
18101,2,5,5,1395
18103,3,10,10,5777
18105,4,32,30,14369
18107,3,16,16,6149
18109,4,22,22,11016
18111,2,7,7,2239
18113,3,14,14,7300
18115,1,3,3,770
18117,5,8,6,3115
18119,1,6,6,2586
18121,2,7,7,2240
18123,3,5,5,2992
18125,1,4,4,1869
18127,11,52,49,27455
18129,2,9,9,3576
18131,2,6,6,2078
18133,7,17,16,5738
18135,6,13,13,4292
18137,5,10,8,4485
18139,2,7,6,2291
18141,12,73,67,39081
18143,2,9,9,3877
18145,6,17,16,7428
18147,2,10,10,3269
18149,3,7,7,3541
18151,2,9,9,3713
18153,4,11,9,3094
18155,1,4,4,1524
18157,6,37,35,23530
18159,2,5,5,2422
18161,1,4,4,1400
18163,3,39,37,23327
18165,3,7,7,2498
18167,2,29,28,14689
18169,4,14,13,5144
18171,1,4,4,1225
18173,1,18,18,10272
18175,3,8,8,4151
18177,6,23,22,10479
18179,3,9,9,4867
18181,4,13,13,4490
18183,3,12,12,5848
19001,2,5,5,838
19003,1,2,2,445
19005,3,10,10,2183
19007,3,11,11,1979
19009,1,2,2,692
19011,3,11,11,3990
19013,6,36,36,18147
19015,4,14,14,3824
19017,6,26,26,4708
19019,3,13,13,3405
19021,5,14,14,4181
19023,3,8,8,2353
19025,2,5,5,1555
19027,4,11,11,3011
19029,3,14,14,2849
19031,5,13,13,3344
19033,3,16,16,5917
19035,3,7,7,1991
19037,2,7,7,1897
19039,2,5,5,1749
19041,2,7,7,2273
19043,5,12,12,2376
19045,6,18,18,7543
19047,4,12,12,3145
19049,6,33,33,17885
19051,1,3,3,1262
19053,2,6,6,1170
19055,2,8,8,2774
19057,4,16,16,6483
19059,3,8,8,2856
19061,2,27,27,13789
19063,2,5,5,1565
19065,5,15,15,3361
19067,2,6,6,2446
19069,2,6,6,1860
19071,3,6,6,1202
19073,2,6,6,1532
19075,4,12,12,2363
19077,4,11,11,2024
19079,4,8,8,2563
19081,2,7,7,1385
19083,5,14,14,3068
19085,5,11,11,2529
19087,4,13,13,3253
19089,2,5,5,1472
19091,3,6,6,1538
19093,2,5,5,1050
19095,4,8,8,2723
19097,4,10,10,2797
19099,5,18,18,5666
19101,2,8,8,2419
19103,4,37,37,18176
19105,4,10,10,2931
19107,3,7,7,1181
19109,3,8,8,2026
19111,3,12,12,4847
19113,12,77,77,37128
19115,4,10,10,2368
19117,1,4,4,1252
19119,3,10,10,2172
19121,3,10,10,3219
19123,2,6,6,3041
19125,5,17,17,5603
19127,3,15,15,7299
19129,2,6,6,2522
19131,2,6,6,1591
19133,3,9,9,1253
19135,1,5,5,1222
19137,3,8,8,1803
19139,3,16,16,7307
19141,3,8,8,2286
19143,1,3,3,801
19145,4,11,11,2533
19147,4,11,11,1570
19149,5,18,18,4141
19151,3,6,6,903
19153,10,128,128,77964
19155,8,33,33,15851
19157,3,10,10,2787
19159,2,4,4,752
19161,3,8,8,1656
19163,5,52,52,27826
19165,2,7,7,2003
19167,5,15,15,5002
19169,7,26,26,11376
19171,3,7,7,2629
19173,2,4,4,964
19175,2,6,6,1921
19177,2,3,3,860
19179,4,15,15,6254
19181,5,19,19,9636
19183,3,14,14,4001
19185,3,6,6,1030
19187,3,11,11,5082
19189,3,9,9,2351
19191,4,12,12,2606
19193,7,34,34,18191
19195,2,6,6,958
19197,3,9,9,2663
20001,4,10,10,2197
20003,2,6,6,1220
20005,2,6,6,2281
20007,2,4,4,754
20009,3,14,14,4179
20011,2,6,6,2324
20013,3,6,6,1518
20015,10,45,45,17075
20017,1,2,2,347
20019,2,4,4,574
20021,4,14,14,3789
20023,2,4,4,412
20025,2,5,5,445
20027,1,6,6,1353
20029,3,10,10,1416
20031,3,11,11,1518
20033,1,3,3,344
20035,6,22,21,5844
20037,7,17,17,5924
20039,1,2,2,347
20041,4,16,16,3704
20043,4,9,9,1409
20045,4,28,28,15289
20047,2,3,3,424
20049,2,3,3,484
20051,3,10,10,3925
20053,2,8,8,991
20055,2,21,21,8694
20057,3,16,16,7855
20059,4,15,15,4463
20061,1,17,17,7433
20063,3,6,6,457
20065,1,2,2,381
20067,2,4,4,1765
20069,5,8,8,1119
20071,1,2,2,257
20073,3,6,6,946
20075,1,2,2,547
20077,2,5,5,1045
20079,5,18,18,5580
20081,3,5,5,776
20083,1,2,2,292
20085,3,8,8,2339
20087,7,15,15,3312
20089,1,2,2,318
20091,6,150,148,95973
20093,2,6,6,869
20095,2,9,9,1159
20097,2,4,4,491
20099,5,20,19,3638
20101,2,4,4,318
20103,7,26,25,13383
20105,2,4,4,471
20107,3,8,8,1908
20109,3,5,5,496
20111,3,15,15,5566
20113,5,17,17,5313
20115,6,10,10,2163
20117,3,9,9,1708
20119,2,4,4,770
20121,4,19,19,5568
20123,2,5,5,994
20125,5,13,13,5468
20127,2,7,7,800
20129,2,7,7,1287
20131,2,9,9,1921
20133,2,6,6,2702
20135,2,5,5,436
20137,2,6,6,778
20139,6,13,13,2739
20141,2,4,4,546
20143,2,6,6,1221
20145,3,7,6,1121
20147,3,5,5,941
20149,4,13,13,3703
20151,3,5,5,1526
20153,1,2,2,335
20155,8,31,30,9456
20157,2,5,5,767
20159,4,12,12,1728
20161,3,17,17,7746
20163,3,7,7,784
20165,2,6,6,526
20167,1,4,4,981
20169,3,16,16,8141
20171,1,3,3,1016
20173,12,154,154,84916
20175,2,15,15,5510
20177,8,54,52,28699
20179,2,5,5,523
20181,1,3,3,901
20183,2,5,5,521
20185,3,6,6,823
20187,1,2,2,453
20189,2,6,6,1238
20191,8,20,20,3822
20193,2,5,5,1132
20195,1,2,2,413
20197,2,7,7,1043
20199,2,4,4,306
20201,2,6,6,1007
20203,1,2,2,412
20205,3,7,7,1573
20207,1,2,2,491
20209,5,61,59,30800
21001,1,5,5,2631
21003,1,5,5,3067
21005,1,8,8,3790
21007,1,5,5,1379
21009,3,21,21,7870
21011,1,5,5,2075
21013,3,18,18,4726
21015,2,28,28,22412
21017,2,10,10,3633
21019,4,22,22,7292
21021,3,14,13,4740
21023,2,4,4,1550
21025,2,9,9,2305
21027,2,9,9,3210
21029,1,25,25,13322
21031,1,6,6,2276
21033,1,4,4,2026
21035,3,12,12,4820
21037,8,26,26,11865
21039,1,3,3,767
21041,1,7,7,2113
21043,1,12,12,4573
21045,1,5,5,2338
21047,1,19,19,8803
21049,1,9,9,5567
21051,1,11,11,3296
21053,1,5,5,1783
21055,1,4,4,1370
21057,1,3,3,915
21059,2,35,35,16889
21061,1,5,5,1967
21063,1,4,4,1071
21065,1,7,7,2398
21067,2,77,77,41501
21069,1,6,6,2312
21071,1,17,17,5941
21073,3,71,18,7220
21075,2,3,3,1000
21077,1,4,4,1670
21079,1,5,5,2729
21081,2,10,10,4778
21083,2,14,14,6316
21085,1,8,8,4330
21087,1,4,4,1620
21089,3,16,16,6212
21091,1,4,4,1708
21093,3,36,36,17206
21095,2,14,14,4895
21097,1,7,7,3014
21099,1,6,6,2785
21101,1,13,13,7587
21103,2,8,8,3019
21105,1,2,2,766
21107,2,22,22,7586
21109,1,7,7,2303
21111,4,176,175,100243
21113,1,13,13,8262
21115,2,14,14,4400
21117,5,46,46,23142
21119,1,7,7,2376
21121,2,13,13,5344
21123,1,5,5,2360
21125,2,20,20,9794
21127,1,6,6,2574
21129,1,2,2,950
21131,1,6,6,1781
21133,2,11,11,3619
21135,1,7,7,2290
21137,1,9,9,3936
21139,1,4,4,1239
21141,2,8,8,4679
21143,1,5,5,927
21145,2,21,21,10288
21147,1,8,8,2974
21149,1,5,5,1620
21151,3,24,24,13018
21153,1,5,5,2167
21155,1,8,8,3256
21157,1,11,11,4922
21159,1,6,6,2013
21161,1,4,4,2823
21163,1,10,10,4960
21165,1,3,3,1027
21167,2,7,7,3350
21169,1,3,3,1657
21171,1,5,5,1838
21173,1,11,11,4901
21175,1,8,8,2029
21177,1,11,11,4880
21179,2,17,17,7412
21181,1,2,2,1194
21183,1,10,10,4344
21185,1,21,21,12471
21187,1,3,3,1904
21189,1,2,2,776
21191,1,4,4,2426
21193,3,18,18,5165
21195,2,23,23,10061
21197,1,6,6,2461
21199,3,18,18,10563
21201,1,1,1,405
21203,1,6,6,2878
21205,2,11,11,3308
21207,1,5,5,3074
21209,1,16,16,9263
21211,2,14,14,7127
21213,1,6,6,3048
21215,1,7,7,2990
21217,2,9,9,3779
21219,1,5,5,2090
21221,1,4,4,2032
21223,1,4,4,1290
21225,1,7,7,2211
21227,3,45,45,19685
21229,1,5,5,1708
21231,1,8,8,3342
21233,1,6,6,2325
21235,3,21,21,8271
21237,1,7,7,1329
21239,1,7,7,4109
22001,1,27,27,9839
22003,1,11,11,4279
22005,1,27,27,21942
22007,1,10,10,3589
22009,2,11,10,6288
22011,1,12,12,5952
22013,1,9,9,2262
22015,1,34,34,22251
22017,2,71,70,40622
22019,4,61,58,34286
22021,1,5,5,1562
22023,1,4,4,1348
22025,1,6,6,1330
22027,1,6,6,1714
22029,2,11,10,3913
22031,1,9,9,5121
22033,26,144,100,62315
22035,1,3,3,1049
22037,1,7,7,2039
22039,1,12,12,5974
22041,1,6,6,3094
22043,1,8,8,3036
22045,1,25,25,12399
22047,2,8,7,5258
22049,1,5,5,2203
22051,3,87,85,49353
22053,1,13,13,5903
22055,4,45,42,32154
22057,2,32,31,14772
22059,1,9,9,2595
22061,5,18,12,6550
22063,1,43,43,25150
22065,2,6,5,1770
22067,1,10,10,4079
22069,2,18,17,6667
22071,64,90,27,50972
22073,4,57,55,28451
22075,2,8,7,5019
22077,1,5,5,2989
22079,2,50,49,23653
22081,1,5,5,1484
22083,2,13,12,3843
22085,1,11,11,4402
22087,1,11,11,7535
22089,1,15,15,9319
22091,1,2,2,1220
22093,2,9,8,3843
22095,1,11,11,5981
22097,2,36,35,14197
22099,1,16,16,8159
22101,2,24,23,9053
22103,1,55,55,38326
22105,2,35,34,19624
22107,1,3,3,592
22109,1,34,34,17917
22111,2,6,5,3058
22113,1,20,20,10692
22115,1,18,18,8882
22117,3,15,14,7378
22119,1,15,15,6306
22121,1,10,10,3886
22123,1,5,5,2101
22125,1,4,4,2184
22127,1,7,7,2400
23001,8,41,40,16087
23003,28,48,46,9310
23005,23,91,85,39155
23007,6,14,14,4291
23009,26,36,36,6336
23011,13,55,53,16572
23013,11,24,23,4520
23015,14,17,17,3625
23017,11,33,31,8324
23019,34,75,73,19836
23021,9,5,5,2163
23023,3,15,15,4882
23025,15,32,30,6912
23027,9,24,23,4553
23029,44,32,32,3814
23031,14,63,63,25022
24001,1,22,22,8702
24003,2,123,122,81407
24005,1,173,173,112139
24009,1,25,25,15950
24011,1,10,10,5705
24013,1,44,44,25255
24015,1,29,29,15633
24017,1,38,38,26390
24019,1,13,13,4816
24021,1,67,67,41317
24023,1,12,12,3833
24025,1,54,54,37426
24027,1,76,76,55626
24029,1,7,7,2001
24031,1,206,206,159010
24033,2,210,208,130808
24035,1,14,14,7751
24037,1,28,28,18067
24039,1,9,9,2958
24041,1,8,8,4593
24043,1,45,45,22545
24045,1,24,24,14889
24047,1,14,14,6667
24510,2,176,175,82755
25001,21,52,49,24843
25005,30,138,133,81082
25007,6,7,6,2335
25019,1,3,3,1583
25021,40,192,190,101760
25023,37,143,140,81981
25025,28,165,142,82348
26001,1,2,2,701
26003,4,5,5,1044
26005,13,52,47,18954
26007,2,10,9,3908
26009,6,13,13,3300
26011,3,9,9,2099
26013,3,4,4,1065
26015,5,21,20,8650
26017,8,38,29,14179
26019,2,9,9,1833
26021,19,92,85,23515
26023,6,17,15,6878
26025,15,48,40,20356
26027,5,20,18,7177
26029,8,14,10,3806
26031,4,10,9,2822
26033,10,18,14,4276
26035,4,14,13,4297
26037,8,29,27,10356
26039,1,4,4,1619
26041,6,15,14,4922
26043,5,13,12,3712
26045,13,47,41,17289
26047,6,16,15,4716
26049,36,145,125,65197
26051,2,7,7,2792
26053,4,6,6,1647
26055,6,27,20,13094
26057,7,23,22,6099
26059,11,25,22,5921
26061,10,18,17,5412
26063,14,25,24,4815
26065,25,103,82,41107
26067,8,22,21,8754
26069,6,11,9,3801
26071,2,4,4,1294
26073,5,19,17,7020
26075,16,63,56,23436
26077,18,88,75,35142
26079,3,10,10,1872
26081,46,229,195,104914
26083,1,1,1,66
26085,1,3,3,511
26087,7,26,24,12225
26089,5,8,7,1967
26091,12,45,42,15257
26093,10,43,37,26896
26095,1,2,2,665
26097,7,9,8,1291
26099,39,229,202,126747
26101,7,13,10,5679
26103,10,24,22,8168
26105,5,15,12,4120
26107,5,19,14,5609
26109,6,14,13,3396
26111,8,25,21,11940
26113,2,5,5,2163
26115,13,55,49,22094
26117,9,28,22,10428
26119,2,3,3,864
26121,18,67,58,27329
26123,7,23,22,7559
26125,53,340,307,183117
26127,4,9,9,3153
26129,2,5,4,2159
26131,3,3,2,531
26133,4,11,11,4076
26135,2,3,3,836
26137,3,10,10,3735
26139,17,94,83,45271
26141,4,8,7,1415
26143,4,10,8,2969
26145,19,74,64,27582
26147,13,61,55,24382
26149,10,34,33,10729
26151,8,20,19,6348
26153,1,3,3,808
26155,9,28,27,11616
26157,9,27,25,7490
26159,13,46,43,14691
26161,23,94,72,45876
26163,146,560,407,276296
26165,6,16,14,5438
27001,4,10,9,1932
27003,14,108,100,57606
27005,4,20,20,5021
27007,9,35,28,8246
27009,3,9,9,6825
27011,2,6,6,861
27013,5,30,29,8621
27015,5,14,10,3574
27017,8,23,22,6425
27019,7,40,38,18352
27021,6,19,18,4351
27023,3,12,8,2011
27025,6,21,20,8083
27027,6,26,24,10540
27029,2,5,5,1499
27031,4,8,5,661
27033,3,8,8,1788
27035,6,20,17,9764
27037,16,140,120,72836
27039,3,8,8,3951
27041,5,18,15,5610
27043,2,6,6,2153
27045,5,13,13,3002
27047,3,14,14,4245
27049,7,28,17,7613
27051,3,8,8,949
27053,79,459,298,178652
27055,5,14,12,4327
27057,3,11,11,2594
27059,6,20,16,6071
27061,7,25,23,6905
27063,2,6,6,1484
27065,2,7,7,2204
27067,4,17,15,6403
27069,3,6,6,603
27071,3,8,8,1744
27073,2,6,6,1112
27075,1,5,5,1383
27077,1,2,2,458
27079,4,17,17,3638
27081,5,14,14,470
27083,6,28,14,4785
27085,6,17,15,5517
27087,3,9,8,1083
27089,5,11,10,1461
27091,5,17,11,2938
27093,3,12,12,2991
27095,4,18,18,6424
27097,6,22,17,5705
27099,7,31,23,6546
27101,2,4,4,1078
27103,6,18,12,5117
27105,5,15,15,4304
27107,3,7,7,1116
27109,11,63,55,23909
27111,10,31,26,7979
27113,3,6,6,2257
27115,5,15,15,3773
27117,2,7,7,1834
27119,8,20,20,5189
27121,2,8,7,1357
27123,49,270,190,87359
27125,3,6,5,764
27127,7,13,12,2527
27129,3,7,7,2178
27131,8,26,17,9231
27133,2,7,7,1657
27135,4,13,13,2701
27137,23,88,72,25045
27139,8,55,45,26888
27141,4,39,37,16060
27143,5,11,7,2265
27145,17,69,52,24005
27147,3,17,17,7111
27149,4,7,6,1572
27151,2,7,7,1751
27153,7,16,11,2822
27155,2,4,4,564
27157,4,12,12,3692
27159,4,10,10,3106
27161,4,13,12,3161
27163,15,79,65,43953
27165,3,9,9,1809
27167,3,8,8,1112
27169,7,24,14,5283
27171,15,71,49,26931
27173,5,7,5,1438
28001,1,11,11,3460
28003,2,13,13,5913
28005,1,3,3,1053
28007,2,11,11,3550
28009,1,5,5,1165
28011,3,23,23,5979
28013,1,9,9,2533
28015,1,2,2,1032
28017,3,9,9,2898
28019,1,5,5,1370
28021,1,4,4,1487
28023,2,9,9,2935
28025,1,9,9,3147
28027,3,15,15,4472
28029,2,7,7,4298
28031,1,10,10,2905
28033,1,41,41,33537
28035,4,21,21,11278
28037,1,5,5,1333
28039,1,8,8,4082
28041,1,6,6,2010
28043,1,6,6,4016
28045,2,11,11,6417
28047,6,53,52,32605
28049,9,90,83,38888
28051,2,8,8,3338
28053,1,5,5,1708
28055,,,,
28057,1,8,8,3590
28059,4,46,46,24263
28061,2,7,7,2318
28063,1,6,6,1282
28065,1,5,5,1420
28067,3,20,19,11869
28069,1,4,4,1100
28071,3,14,13,7145
28073,2,18,18,10470
28075,3,26,25,12073
28077,1,6,6,2211
28079,1,6,6,2912
28081,4,35,35,15605
28083,2,15,15,5133
28085,3,12,11,6326
28087,3,20,19,9537
28089,2,32,32,16754
28091,2,10,10,3762
28093,2,16,16,4516
28095,3,13,13,5434
28097,2,5,5,1399
28099,2,6,6,4443
28101,3,11,11,3771
28103,1,6,6,1635
28105,1,8,8,5175
28107,2,13,13,5878
28109,3,21,21,8712
28111,2,8,8,1796
28113,3,17,17,6826
28115,2,13,13,5967
28117,2,12,12,4165
28119,1,4,4,1072
28121,4,35,33,23452
28123,2,12,12,5765
28125,1,4,4,870
28127,1,9,9,3641
28129,1,6,6,2701
28131,1,4,4,2556
28133,1,15,15,3946
28135,2,7,7,1989
28137,2,10,10,4434
28139,2,10,10,4078
28141,1,8,8,3078
28143,1,7,7,2095
28145,2,9,9,5014
28147,1,6,6,1941
28149,1,18,18,8311
28151,4,25,25,8417
28153,1,8,8,3295
28155,1,5,5,1818
28157,1,5,5,1224
28159,1,7,7,2874
28161,2,4,4,1648
28163,2,10,10,4035
29001,3,9,9,3015
29003,3,11,11,2854
29005,3,7,7,800
29007,3,10,10,3283
29009,7,21,21,5621
29011,3,11,11,1869
29013,7,13,13,2658
29015,3,11,11,2424
29017,4,9,9,1926
29019,6,53,53,23525
29021,3,30,30,13043
29023,3,16,16,7026
29025,8,14,14,1587
29027,5,18,15,5690
29029,4,15,15,5313
29031,5,24,24,10302
29033,5,13,13,1439
29035,2,5,5,1234
29037,10,42,42,18417
29039,2,6,6,2113
29041,4,8,8,1069
29043,7,31,31,15224
29045,1,5,5,1091
29047,6,71,71,41557
29049,4,13,13,3995
29051,8,123,25,10732
29053,6,14,14,2463
29055,3,9,9,3364
29057,4,9,9,1167
29059,1,4,4,1683
29061,5,11,11,1300
29063,4,8,8,1014
29065,5,8,8,2271
29067,3,5,5,1410
29069,7,20,20,5593
29071,10,42,42,16182
29073,2,7,7,2841
29075,3,7,7,1136
29077,8,83,82,40409
29079,5,8,8,1483
29081,5,13,13,1413
29083,7,16,16,2885
29085,4,10,10,1574
29087,3,7,7,739
29089,3,7,7,1443
29091,7,13,13,5935
29093,4,9,9,1776
29095,33,227,190,109157
29097,7,49,49,20766
29099,12,62,61,34797
29101,7,24,24,7447
29103,1,2,2,498
29105,4,11,11,5883
29107,6,17,17,5297
29109,6,19,19,6934
29111,2,4,4,1421
29113,4,19,19,8981
29115,5,13,13,2223
29117,3,10,10,2151
29119,1,10,10,3943
29121,6,14,14,2226
29123,2,6,6,2120
29125,2,5,5,1008
29127,3,13,13,5006
29129,2,4,4,593
29131,5,15,15,5104
29133,2,7,7,2091
29135,6,10,10,2425
29137,5,10,10,1484
29139,2,6,6,1613
29141,2,6,6,2064
29143,4,12,12,2560
29145,6,22,21,9302
29147,7,17,17,2598
29149,4,8,8,1876
29151,3,6,6,1626
29153,5,9,9,1477
29155,8,18,18,3361
29157,2,6,6,2388
29159,7,19,18,6948
29161,4,14,14,6616
29163,4,11,11,2606
29165,4,31,31,16981
29167,6,19,19,5263
29169,6,21,21,8904
29171,1,3,3,712
29173,1,3,3,757
29175,5,15,15,3649
29177,4,11,11,3508
29179,4,8,8,1055
29181,4,8,8,2198
29183,5,82,82,59787
29185,4,7,7,1307
29186,1,4,4,1856
29187,5,23,23,10808
29189,23,261,261,141340
29195,8,17,17,3706
29197,1,2,2,617
29199,1,2,2,626
29201,7,21,21,6845
29203,3,8,8,1711
29205,2,7,7,1048
29207,7,20,20,5093
29209,5,17,17,3790
29211,3,7,7,1090
29213,7,20,20,8051
29215,7,15,15,3691
29217,4,13,13,2974
29219,2,10,10,5045
29221,4,12,12,3591
29223,2,7,7,1812
29225,5,18,18,5039
29227,1,2,2,317
29229,5,14,14,3327
29510,19,112,76,34959
30001,10,12,12,1169
30003,9,15,15,2481
30005,13,17,17,1335
30007,2,3,3,670
30009,10,19,19,1356
30011,5,6,6,130
30013,15,42,40,11713
30015,10,15,15,656
30017,9,11,11,1739
30019,2,3,3,285
30021,9,9,9,1333
30023,3,4,4,1067
30025,3,7,7,573
30027,16,24,24,1558
30029,25,45,45,14153
30031,23,45,45,13110
30033,8,8,8,169
30035,7,19,19,2822
30037,3,6,6,131
30039,5,7,7,346
30041,12,17,17,3055
30043,10,12,12,1625
30045,5,10,10,257
30047,13,20,20,4340
30049,16,31,27,9556
30051,4,9,9,232
30053,10,14,14,2395
30055,4,6,6,250
30057,7,13,13,874
30059,2,3,3,230
30061,4,9,9,574
30063,16,41,41,13877
30065,5,6,6,666
30067,12,15,15,1967
30069,2,3,3,90
30071,6,13,13,689
30073,9,13,13,919
30075,7,5,5,230
30077,10,9,9,699
30079,2,3,3,137
30081,10,22,22,5509
30083,12,16,16,1941
30085,14,22,22,2592
30087,10,15,15,1652
30089,11,16,16,1364
30091,5,9,9,523
30093,7,12,12,4348
30095,15,18,18,1397
30097,6,6,6,525
30099,12,19,19,1025
30101,5,8,8,619
30103,2,3,3,57
30105,9,16,16,1238
30107,6,6,6,311
30109,2,3,3,155
30111,23,61,61,23661
31001,6,20,15,4985
31003,4,16,12,868
31005,1,2,2,114
31007,1,2,2,160
31009,1,2,2,49
31011,2,6,6,910
31013,2,7,7,1883
31015,2,5,5,335
31017,2,4,4,462
31019,9,27,26,8065
31021,3,7,7,1252
31023,2,6,6,1015
31025,5,14,14,4134
31027,4,11,11,1227
31029,2,6,6,776
31031,2,10,10,772
31033,3,11,11,1732
31035,3,12,12,1173
31037,4,14,14,2668
31039,3,9,9,1501
31041,6,15,15,1889
31043,2,10,10,4396
31045,3,7,6,1254
31047,5,20,20,5468
31049,2,5,5,344
31051,3,7,7,706
31053,5,21,20,6211
31055,17,203,191,92204
31057,1,3,3,288
31059,4,10,8,938
31061,1,2,2,349
31063,3,6,6,572
31065,3,7,7,1109
31067,5,14,13,3110
31069,1,2,2,280
31071,1,2,2,350
31073,1,2,2,230
31075,1,2,2,147
31077,2,8,8,402
31079,4,34,34,12166
31081,3,9,9,1610
31083,1,2,2,322
31085,1,2,2,94
31087,2,3,2,457
31089,5,12,12,1672
31091,1,2,2,161
31093,3,7,7,1386
31095,3,7,7,1671
31097,2,6,6,725
31099,3,10,10,1230
31101,3,4,4,1092
31103,1,3,3,82
31105,1,2,2,562
31107,6,12,12,1698
31109,10,90,86,45392
31111,6,22,22,5779
31113,1,2,2,189
31115,1,2,2,66
31117,1,2,2,81
31119,7,23,21,5609
31121,2,5,5,1299
31123,2,4,4,892
31125,2,5,5,718
31127,3,9,6,1207
31129,1,2,2,675
31131,3,9,9,2401
31133,2,4,4,579
31135,1,2,2,419
31137,4,9,8,1626
31139,3,6,6,1157
31141,4,15,15,5065
31143,4,13,13,1104
31145,2,7,7,1714
31147,2,7,7,1190
31149,1,4,4,236
31151,4,10,10,2948
31153,6,58,56,33074
31155,5,15,15,3329
31157,7,35,23,6668
31159,4,7,7,2620
31161,2,8,8,854
31163,2,4,4,466
31165,1,4,4,109
31167,1,2,2,634
31169,3,8,8,886
31171,1,2,2,162
31173,4,9,9,2002
31175,2,5,5,751
31177,3,10,10,3683
31179,4,9,8,1610
31181,2,4,4,708
31183,1,2,2,101
31185,4,9,8,1958
32001,1,6,6,3706
32003,1,364,364,353110
32005,1,14,14,5932
32007,1,32,32,10136
32009,1,3,3,75
32011,1,3,3,276
32013,1,14,14,3399
32015,1,4,4,1004
32017,1,10,10,1085
32019,1,18,18,8348
32021,1,4,4,518
32023,1,26,26,5032
32027,1,5,5,627
32029,1,4,4,425
32031,2,108,108,70239
32033,1,10,10,1571
32510,2,38,13,8261
33001,19,26,26,8259
33003,21,23,22,5626
33005,22,29,28,8943
33007,21,23,23,3838
33009,45,54,50,11002
33011,46,118,107,58703
33013,37,62,57,18947
33015,57,91,84,44097
33017,18,37,35,15551
33019,19,30,30,4999
34001,27,77,72,44569
34003,79,282,274,135384
34005,42,132,128,69686
34007,46,158,149,80644
34009,16,31,30,12601
34011,19,53,48,27912
34013,45,240,214,134762
34015,29,86,85,47267
34017,29,129,107,88112
34019,27,50,48,19491
34021,23,176,90,55010
34023,28,191,181,130291
34025,56,185,173,98151
34027,41,153,148,75850
34029,28,115,107,69609
34031,28,150,142,84963
34033,14,34,33,10789
34035,21,82,79,53583
34037,27,47,45,20714
34039,28,176,164,94959
34041,25,42,40,16580
35001,35,194,163,99526
35003,2,6,6,271
35005,4,31,31,11960
35006,1,11,11,3751
35007,4,15,15,1675
35009,4,27,27,9338
35011,1,3,3,309
35013,9,78,72,40089
35015,3,27,27,11328
35017,3,16,15,4194
35019,2,7,7,720
35021,2,4,4,90
35023,2,7,7,679
35025,5,37,37,15144
35027,5,15,15,2865
35028,1,8,8,3662
35029,1,11,11,5486
35031,5,44,41,13128
35033,2,6,6,477
35035,4,23,22,7785
35037,4,12,12,1493
35039,7,30,28,5281
35041,4,13,13,3403
35043,8,40,36,22163
35045,5,52,51,24007
35047,3,21,21,3709
35049,11,44,36,19523
35051,1,5,5,1326
35053,2,10,10,2120
35055,8,23,18,4204
35057,4,15,14,2787
35059,2,6,6,567
35061,3,28,27,12993
36001,23,86,65,40992
36003,12,18,18,6489
36007,12,53,52,26223
36009,14,32,31,12529
36011,8,23,22,9615
36013,18,51,51,19053
36015,4,22,21,11827
36017,9,23,22,7600
36019,9,29,28,10781
36021,7,19,19,7154
36023,5,17,17,6099
36025,14,21,20,6160
36027,14,75,74,39884
36029,47,212,194,126266
36031,11,15,15,4133
36033,8,21,20,7346
36035,6,20,20,8187
36037,10,21,19,8442
36039,6,16,16,5833
36041,7,5,5,428
36043,11,25,24,9524
36045,12,39,38,17890
36049,5,13,13,4298
36051,8,21,21,7948
36053,10,26,26,9278
36055,34,182,166,108435
36057,6,17,16,7560
36059,60,311,307,205083
36061,250,1815,1599,1072808
36063,11,51,50,28481
36065,19,75,71,34961
36067,21,122,119,71385
36069,9,30,30,15553
36071,19,79,77,59839
36073,6,13,12,6260
36075,10,40,39,19257
36077,12,22,22,6938
36079,6,22,22,14240
36083,15,52,38,20326
36087,9,64,63,40206
36089,18,39,38,15236
36091,11,47,47,32238
36093,7,43,43,22197
36095,6,11,11,4252
36097,3,6,6,2117
36099,4,11,11,3997
36101,13,36,35,14866
36103,72,340,337,241162
36105,9,19,18,9478
36107,6,19,19,7695
36109,9,31,29,11239
36111,11,45,44,22221
36113,9,19,19,8865
36115,12,26,25,8947
36117,12,38,37,14732
36119,51,254,250,150110
36121,5,11,11,4610
36123,2,5,5,2468
37001,4,39,36,24769
37003,1,11,11,4975
37005,1,4,4,1420
37007,1,11,11,3346
37009,2,5,5,3095
37011,3,13,11,2355
37013,2,15,14,7328
37015,2,9,8,2587
37017,3,14,13,4900
37019,4,21,19,13739
37021,7,57,52,31159
37023,2,28,27,12954
37025,6,51,47,40066
37027,1,26,26,11990
37029,1,5,5,1887
37031,2,18,17,8606
37033,1,6,6,2711
37035,3,44,44,23928
37037,4,21,18,10129
37039,2,15,14,3622
37041,1,4,4,2101
37043,1,3,3,1379
37045,3,30,29,15819
37047,4,25,23,9279
37049,1,25,25,14171
37051,4,89,87,52383
37053,2,11,10,4089
37055,1,11,11,5124
37057,3,46,46,24763
37059,1,12,12,6242
37061,1,16,16,9929
37063,20,69,54,43691
37065,2,15,14,8494
37067,7,85,80,58122
37069,3,18,16,8847
37071,3,56,54,34728
37073,1,5,5,1623
37075,1,3,3,1243
37077,3,21,19,8880
37079,1,6,6,3130
37081,9,134,126,79387
37083,4,19,18,6887
37085,3,29,28,21015
37087,2,16,15,7642
37089,3,25,23,13889
37091,1,7,7,3004
37093,1,14,14,8672
37095,1,3,3,624
37097,8,49,44,31042
37099,3,10,9,4008
37101,2,47,46,36306
37103,1,6,6,1182
37105,1,16,16,10210
37107,2,18,17,9046
37109,2,25,24,13513
37111,1,13,13,6189
37113,1,11,11,4384
37115,1,6,6,2331
37117,3,12,10,3928
37119,28,194,170,160547
37121,1,7,7,1727
37123,1,11,11,4048
37125,3,25,23,13509
37127,2,29,28,15386
37129,6,47,42,27517
37131,2,8,7,3116
37133,3,36,35,26470
37135,4,35,33,20302
37137,2,5,4,1826
37139,2,13,12,6119
37141,1,16,16,9490
37143,1,4,4,1673
37145,3,13,11,5733
37147,4,39,37,24696
37149,1,7,7,2256
37151,3,40,39,22968
37153,1,16,16,7530
37155,3,44,42,24082
37157,2,26,25,12820
37159,1,35,35,19981
37161,3,20,18,10050
37163,2,23,23,11677
37165,1,12,12,5991
37167,2,21,20,8953
37169,1,19,19,6148
37171,4,27,26,11756
37173,3,6,5,2252
37175,3,10,9,3752
37177,1,3,3,616
37179,5,56,52,44685
37181,3,19,17,7839
37183,35,202,177,171417
37185,2,9,8,2413
37187,1,5,5,1555
37189,3,11,10,4668
37191,3,34,32,19581
37193,2,23,22,10098
37195,4,28,26,13647
37197,1,14,14,5505
37199,1,9,9,2215
38001,1,2,2,314
38003,4,8,6,1476
38005,7,12,11,1031
38007,1,2,2,88
38009,4,7,6,881
38011,2,5,5,604
38013,3,6,6,367
38015,11,35,31,13203
38017,12,56,52,23815
38019,2,4,4,491
38021,2,5,5,812
38023,1,2,2,340
38025,2,4,4,487
38027,2,3,2,336
38029,5,8,7,528
38031,1,2,2,578
38033,2,3,3,333
38035,11,32,29,9070
38037,2,3,3,230
38039,2,4,4,351
38041,3,5,4,496
38043,1,4,4,401
38045,4,10,10,694
38047,3,5,4,349
38049,4,8,8,980
38051,3,6,6,376
38053,4,6,6,1620
38055,6,12,12,1547
38057,3,6,5,1307
38059,11,24,19,4643
38061,4,8,7,2033
38063,2,4,4,447
38065,1,2,2,226
38067,5,11,10,1073
38069,3,5,4,637
38071,6,12,9,1849
38073,3,7,7,962
38075,2,4,4,638
38077,9,17,14,2271
38079,5,9,8,1347
38081,3,7,7,599
38083,2,4,4,120
38085,4,6,5,488
38087,2,2,2,21
38089,6,18,16,4339
38091,2,3,3,159
38093,8,17,14,2657
38095,1,2,2,307
38097,5,11,10,1319
38099,7,14,12,1854
38101,11,38,36,10213
38103,3,5,4,578
38105,8,22,20,5505
39001,2,9,9,4826
39003,13,34,30,15258
39005,7,20,18,7370
39007,9,32,31,13428
39009,7,20,19,7164
39011,7,17,17,7725
39013,8,23,21,9041
39015,7,17,16,7079
39017,17,83,74,57361
39019,3,10,10,3028
39021,7,17,16,6785
39023,13,50,46,20883
39025,11,46,45,27589
39027,5,16,16,7622
39029,15,37,34,15024
39031,5,13,11,4797
39033,6,19,19,6408
39035,115,364,281,168925
39037,9,22,22,8529
39039,5,14,14,6230
39041,5,43,41,40360
39043,10,26,24,13054
39045,10,43,42,24753
39047,2,7,7,4819
39049,100,386,299,198787
39051,8,21,21,7643
39053,4,14,13,4422
39055,7,23,23,10671
39057,11,37,34,21860
39059,5,14,13,4592
39061,46,194,167,109270
39063,11,37,36,12064
39065,6,13,12,4274
39067,2,4,3,1622
39069,5,11,10,4305
39071,5,19,19,6883
39073,1,7,7,4033
39075,2,16,16,3971
39077,8,26,26,8240
39079,4,12,11,5063
39081,8,23,21,8801
39083,7,21,19,7599
39085,13,58,56,31408
39087,11,25,23,9289
39089,14,51,48,29170
39091,6,13,12,6415
39093,27,93,81,43565
39095,47,138,100,71371
39097,7,17,15,6843
39099,29,72,59,30729
39101,11,26,20,11497
39103,8,43,42,26522
39105,3,8,8,3345
39107,7,21,21,8017
39109,10,34,33,15280
39111,1,9,9,1961
39113,51,159,125,75623
39115,1,5,5,1905
39117,5,13,12,5259
39119,11,33,28,14433
39121,2,4,4,1693
39123,8,18,18,5602
39125,4,10,10,3060
39127,5,15,14,5908
39129,5,19,19,9162
39131,5,15,14,4653
39133,15,54,53,20821
39135,7,17,17,6143
39137,10,23,23,5957
39139,15,44,38,17778
39141,9,26,25,11004
39143,5,22,19,9493
39145,15,33,29,11600
39147,8,17,15,6324
39149,8,21,21,8424
39151,26,106,97,56595
39153,37,143,123,73082
39155,27,71,65,27394
39157,12,43,40,15794
39159,3,15,15,10111
39161,6,15,13,4321
39163,1,5,5,2070
39165,11,46,44,36965
39167,7,23,22,7709
39169,15,43,39,15184
39171,7,16,16,5527
39173,12,40,38,18085
39175,3,9,9,3369
40001,10,17,17,4583
40003,4,9,9,890
40005,7,10,10,2335
40007,4,8,8,1124
40009,6,15,15,3964
40011,5,14,14,2276
40013,10,23,23,7902
40015,11,28,28,5403
40017,11,45,45,27425
40019,11,28,28,9114
40021,13,20,19,7705
40023,6,13,13,2523
40025,3,7,7,452
40027,7,71,71,45556
40029,3,6,6,1171
40031,11,48,48,21529
40033,3,7,7,1059
40035,5,13,13,2726
40037,15,38,38,12915
40039,4,15,15,5429
40041,10,19,19,6471
40043,4,9,9,1081
40045,3,6,6,789
40047,10,34,34,11711
40049,8,22,22,5523
40051,13,31,31,9404
40053,3,7,7,774
40055,3,6,5,978
40057,1,3,3,549
40059,2,4,4,790
40061,6,10,10,2382
40063,6,11,11,2299
40065,7,18,18,4704
40067,4,9,9,1146
40069,7,13,13,1948
40071,7,22,22,8101
40073,7,17,17,3675
40075,4,10,10,1603
40077,5,9,9,1452
40079,18,38,38,9736
40081,9,23,23,5587
40083,4,13,13,4676
40085,4,9,9,1902
40087,7,21,21,7797
40089,15,29,29,6688
40091,5,11,11,2967
40093,3,5,5,1264
40095,2,6,6,2977
40097,8,22,22,7215
40099,3,9,7,2681
40101,15,38,36,13465
40103,4,10,10,2207
40105,3,8,8,1823
40107,6,15,15,2053
40109,38,232,200,141911
40111,10,23,23,6620
40113,13,25,25,7016
40115,8,22,22,5907
40117,3,8,8,2655
40119,9,26,26,11064
40121,16,32,31,7954
40123,8,23,23,7232
40125,15,35,35,13162
40127,7,13,13,2263
40129,3,6,6,741
40131,10,32,32,14934
40133,11,23,23,5140
40135,12,26,26,8163
40137,9,26,26,7946
40139,9,23,23,4752
40141,5,9,9,1484
40143,25,189,178,114356
40145,4,17,17,9340
40147,6,20,17,9569
40149,5,9,9,2069
40151,4,9,9,1321
40153,5,12,12,3805
41001,4,12,9,3243
41003,4,23,23,10060
41005,11,109,109,60664
41007,5,13,13,5095
41009,5,22,22,7409
41011,7,24,24,10106
41013,1,8,8,3226
41015,3,7,7,2312
41017,4,47,47,26034
41019,15,47,44,13998
41021,3,3,2,288
41023,6,7,7,891
41025,11,14,14,1319
41027,1,8,8,4072
41029,10,61,59,29230
41031,5,13,13,3652
41033,2,24,24,10679
41035,2,30,30,9338
41037,6,8,7,1211
41039,17,112,111,45254
41041,1,18,18,5453
41043,8,50,50,17669
41045,11,23,21,5280
41047,16,131,116,58776
41049,2,9,8,2374
41051,9,162,160,90509
41053,4,15,15,12423
41055,1,1,1,252
41057,3,11,11,3384
41059,11,34,34,13789
41061,6,13,10,3847
41063,5,7,7,865
41065,4,10,10,3633
41067,8,128,128,87123
41069,3,4,3,551
41071,7,35,35,16714
42001,9,26,24,13781
42003,73,284,257,144001
42005,4,14,13,7935
42007,20,51,47,31991
42009,7,19,17,6558
42011,22,102,98,64850
42013,10,32,30,17800
42015,8,19,18,9095
42017,20,124,118,86725
42019,9,41,40,25491
42021,16,38,36,17236
42023,1,2,2,561
42025,7,22,20,8754
42027,9,31,26,14273
42029,22,105,95,80145
42031,9,17,16,5610
42033,9,25,24,9518
42035,3,12,10,4502
42037,7,17,15,8104
42039,5,26,25,10651
42041,9,46,45,31786
42043,18,74,67,45941
42045,21,109,102,74082
42047,3,10,10,3423
42049,20,72,67,38576
42051,8,41,39,17384
42053,1,4,4,464
42055,8,44,42,21949
42057,4,8,7,2105
42059,6,14,13,4871
42061,8,19,15,5382
42063,9,23,22,9249
42065,4,15,14,5248
42067,1,11,11,2853
42069,14,48,45,27856
42071,20,114,110,67368
42073,9,25,24,11948
42075,7,35,34,19367
42077,20,78,68,53754
42079,17,68,64,42633
42081,10,32,31,15513
42083,7,14,13,6079
42085,15,40,38,14861
42087,3,10,9,5264
42089,6,32,30,23473
42091,30,157,150,116189
42093,3,6,4,2359
42095,14,64,59,42975
42097,8,25,24,11069
42099,5,15,14,6208
42101,98,307,218,195556
42103,2,12,12,9456
42105,5,10,10,2307
42107,14,35,32,18623
42109,2,8,8,4804
42111,12,29,28,8993
42113,1,2,2,625
42115,7,15,14,6114
42117,3,14,14,5454
42119,3,9,8,4296
42121,5,15,14,6212
42123,3,11,9,4690
42125,17,56,54,26914
42127,2,10,10,4744
42129,22,89,85,45695
42131,2,8,8,3352
42133,21,115,110,63983
45001,1,9,9,3170
45003,1,40,40,24463
45005,1,4,4,1243
45007,6,55,54,32269
45009,2,6,6,2109
45011,4,11,10,3754
45013,1,33,33,22860
45015,1,43,43,34633
45017,1,3,3,1760
45019,1,82,82,50031
45021,1,19,19,9043
45023,1,12,12,5270
45025,1,16,16,7283
45027,4,13,12,5161
45029,1,9,9,5817
45031,2,23,23,10488
45033,3,12,11,5870
45035,3,31,30,28349
45037,1,8,8,4174
45039,1,8,8,2950
45041,5,40,40,23184
45043,1,19,19,9567
45045,2,96,96,80139
45047,4,22,21,11202
45049,2,10,10,3100
45051,1,53,53,44121
45053,2,5,4,3363
45055,1,19,19,10826
45057,1,20,20,12955
45059,2,15,15,9404
45061,1,6,6,2276
45063,5,56,56,49820
45065,2,4,4,785
45067,1,11,11,4793
45069,1,8,8,4073
45071,1,14,14,6151
45073,1,17,17,10405
45075,4,30,29,13602
45077,1,24,24,16521
45079,7,149,102,70030
45081,1,5,5,2741
45083,11,82,74,49579
45085,1,27,27,17140
45087,1,9,9,4044
45089,1,12,12,4126
45091,4,62,62,46606
46003,2,8,8,605
46005,2,12,12,3024
46007,1,3,3,497
46009,4,15,15,1094
46011,4,19,19,4563
46013,6,22,20,5654
46015,2,8,8,1222
46017,,,,
46019,2,8,8,1683
46021,1,3,3,117
46023,4,13,13,1809
46025,2,12,12,596
46027,1,4,4,1437
46029,5,18,17,4687
46031,3,9,9,838
46033,2,7,7,893
46035,4,15,15,3224
46037,2,6,6,752
46039,1,3,3,685
46041,2,4,3,465
46043,2,6,6,301
46045,3,12,12,694
46047,3,8,8,1124
46049,1,6,6,317
46051,3,9,9,1087
46053,3,9,9,698
46055,2,4,4,339
46057,4,10,10,1357
46059,1,4,4,455
46061,1,6,6,649
46063,1,5,5,195
46065,3,5,5,2695
46067,4,21,21,1247
46069,1,3,3,264
46071,1,5,5,333
46073,1,7,7,355
46075,1,3,3,188
46077,4,14,14,1047
46079,5,19,19,2087
46081,2,12,12,3167
46083,4,21,21,7762
46085,1,4,4,428
46087,4,14,14,1010
46089,2,9,9,315
46091,2,10,10,639
46093,3,18,15,3347
46095,1,4,4,449
46097,1,4,4,363
46099,9,71,68,32894
46101,2,7,7,932
46102,1,6,6,1498
46103,5,41,41,17161
46105,2,6,6,419
46107,2,6,6,358
46109,4,12,12,1514
46111,2,6,6,429
46115,4,20,20,1205
46117,1,4,4,435
46119,1,4,4,220
46121,1,12,12,1919
46123,2,7,7,931
46125,5,16,16,1377
46127,5,13,13,2971
46129,3,7,7,866
46135,2,9,9,3155
46137,2,9,9,625
47001,3,26,26,11945
47003,1,14,14,8631
47005,1,6,6,2190
47007,1,5,5,1825
47009,3,31,31,18093
47011,2,26,26,15856
47013,1,12,12,5728
47015,1,7,7,1997
47017,6,13,13,4514
47019,2,20,20,8010
47021,1,13,13,6392
47023,1,6,6,2959
47025,1,12,12,4351
47027,1,3,3,1097
47029,2,12,12,5317
47031,3,19,19,8962
47033,3,7,7,3120
47035,1,12,12,7544
47037,3,196,196,85854
47039,1,4,4,1676
47041,1,5,5,3010
47043,1,15,15,8434
47045,2,12,12,6722
47047,1,7,7,3563
47049,2,6,6,2814
47051,1,11,11,6064
47053,5,20,20,9242
47055,1,8,8,3952
47057,1,8,8,3504
47059,2,22,22,9749
47061,1,7,7,2047
47063,1,18,18,10424
47065,1,78,78,44446
47067,1,2,2,967
47069,1,9,9,3746
47071,1,7,7,3617
47073,2,19,19,8077
47075,1,5,5,3001
47077,2,11,11,4903
47079,2,9,9,4774
47081,1,8,8,3383
47083,1,4,4,1401
47085,1,7,7,3020
47087,1,4,4,1526
47089,1,11,11,7375
47091,1,7,7,2133
47093,2,90,90,60522
47095,1,3,3,858
47097,1,7,7,4289
47099,1,12,12,6936
47101,1,4,4,1751
47103,2,11,11,5434
47105,2,12,12,7186
47107,3,15,15,7906
47109,1,8,8,4298
47111,1,8,8,3958
47113,2,24,24,12934
47115,2,11,11,4419
47117,1,10,10,5460
47119,1,21,21,12680
47121,1,4,4,1756
47123,2,16,16,7043
47125,1,39,39,33541
47127,1,2,2,866
47129,1,8,8,3097
47131,2,10,10,5121
47133,1,7,7,3146
47135,1,4,4,1109
47137,1,2,2,719
47139,1,6,6,2414
47141,1,20,20,11373
47143,2,8,8,5285
47145,1,17,17,6715
47147,1,21,21,11486
47149,2,58,58,52614
47151,2,10,10,4261
47153,1,3,3,2276
47155,1,28,28,14713
47157,7,229,229,154735
47159,1,9,9,3129
47161,1,4,4,2057
47163,3,43,43,21224
47165,1,49,49,29479
47167,1,14,14,11176
47169,1,3,3,1289
47171,1,6,6,2366
47173,1,10,10,3749
47175,1,2,2,742
47177,1,11,11,6682
47179,2,27,27,16536
47181,1,7,7,2356
47183,1,10,10,4301
47185,1,9,9,4044
47187,2,52,52,41855
47189,2,26,26,21721
48001,7,25,25,8741
48003,1,6,6,3966
48005,7,44,41,17654
48007,1,5,5,3394
48009,3,8,8,1878
48011,1,2,2,335
48013,5,27,27,8122
48015,3,14,14,5587
48017,1,5,5,1453
48019,2,5,5,2549
48021,4,28,28,15058
48023,1,3,3,595
48025,5,13,12,5378
48027,11,122,108,67170
48029,39,530,454,359001
48031,2,6,6,1717
48033,1,1,1,254
48035,7,10,10,2630
48037,13,47,47,17918
48039,8,96,96,70609
48041,4,52,45,30026
48043,4,6,6,1325
48045,2,2,2,403
48047,1,4,4,1577
48049,7,20,20,6955
48051,3,9,9,2688
48053,2,13,13,7391
48055,3,15,15,7506
48057,1,7,7,4013
48059,4,12,12,2531
48061,10,161,157,106402
48063,2,5,5,2421
48065,4,7,7,1322
48067,7,20,20,5479
48069,3,5,5,1712
48071,3,17,17,8723
48073,6,25,25,11127
48075,1,3,3,1135
48077,4,7,7,1724
48079,2,5,5,734
48081,2,9,9,538
48083,3,6,6,1334
48085,16,278,277,185502
48087,1,3,3,607
48089,3,15,15,3517
48091,2,43,43,25677
48093,4,9,9,2379
48095,2,10,10,477
48097,8,19,19,6773
48099,4,19,19,15162
48101,1,1,1,207
48103,1,3,3,1116
48105,1,3,3,791
48107,3,10,10,1215
48109,1,1,1,425
48111,2,6,6,440
48113,49,750,619,493098
48115,4,8,8,2678
48117,2,11,11,4298
48119,1,3,3,928
48121,16,257,181,158133
48123,5,11,11,4506
48125,2,2,2,383
48127,1,5,5,2213
48129,2,4,4,597
48131,4,9,9,2578
48133,5,15,15,2859
48135,3,46,44,33806
48137,2,3,3,402
48139,11,63,56,37223
48141,16,253,244,177817
48143,8,16,14,5861
48145,4,12,12,2184
48147,9,24,24,5438
48149,5,11,11,3860
48151,2,4,4,540
48153,2,9,9,1268
48155,1,1,1,227
48157,5,194,194,156082
48159,1,4,4,1618
48161,4,14,14,3800
48163,2,7,7,3240
48165,3,8,8,3527
48167,10,115,112,62379
48169,2,5,5,1033
48171,3,10,10,3837
48173,1,2,2,308
48175,1,3,3,1337
48177,3,11,11,4304
48179,4,10,10,4095
48181,13,55,55,22577
48183,9,45,44,20998
48185,4,12,12,4525
48187,4,38,38,27085
48189,5,20,20,7376
48191,1,4,4,523
48193,3,6,6,1686
48195,3,7,7,1419
48197,2,5,5,767
48199,5,22,22,10312
48201,58,1022,894,895352
48203,6,28,28,13317
48205,2,2,2,1931
48207,3,5,5,958
48209,7,50,46,36202
48211,1,4,4,997
48213,8,29,29,10951
48215,22,359,296,225148
48217,12,30,30,6655
48219,6,15,15,4943
48221,3,15,15,8423
48223,7,16,16,6844
48225,5,15,15,3365
48227,3,13,13,5599
48229,3,5,5,605
48231,10,41,41,18585
48233,3,12,12,4227
48235,1,2,2,260
48237,3,6,6,1629
48239,3,11,11,3325
48241,4,13,13,6141
48243,2,2,2,273
48245,10,76,69,43571
48247,1,3,3,1181
48249,5,21,21,8218
48251,10,67,66,33227
48253,5,13,13,2678
48255,4,17,17,2514
48257,7,49,49,26899
48259,3,14,13,8603
48261,1,1,1,75
48263,1,1,1,128
48265,5,19,19,6973
48267,1,3,3,633
48269,1,1,1,112
48271,1,3,3,620
48273,4,14,14,5499
48275,3,6,6,729
48277,5,23,23,8573
48279,5,13,13,3004
48281,2,6,6,3677
48283,1,4,4,1368
48285,7,16,16,2428
48287,3,8,8,3304
48289,5,13,13,3127
48291,7,31,31,16331
48293,3,12,12,4028
48295,4,5,5,812
48297,2,6,6,1744
48299,1,4,4,1944
48301,,,,
48303,11,95,93,50899
48305,4,6,6,1425
48307,3,6,6,1498
48309,23,122,105,45550
48311,1,1,1,265
48313,2,5,5,2684
48315,1,4,4,1262
48317,2,4,4,1247
48319,1,3,3,707
48321,5,18,18,7264
48323,1,24,24,14831
48325,5,19,19,11005
48327,1,3,3,294
48329,4,43,42,28484
48331,6,16,16,4771
48333,3,10,10,837
48335,3,8,8,1480
48337,7,14,14,3334
48339,6,116,116,108165
48341,2,12,12,5084
48343,2,7,7,1975
48345,1,1,1,159
48347,10,30,29,11238
48349,7,22,22,9995
48351,3,8,8,1913
48353,4,12,12,3165
48355,16,115,110,63642
48357,1,6,6,2330
48359,4,8,8,901
48361,5,24,24,15424
48363,6,13,13,4620
48365,4,11,8,3940
48367,9,38,37,22300
48369,4,11,11,2368
48371,3,10,10,3223
48373,6,18,18,6933
48375,4,66,66,25442
48377,2,4,4,1701
48379,1,4,4,1686
48381,2,16,16,22440
48383,1,3,3,851
48385,2,3,1,584
48387,4,11,11,2080
48389,2,6,6,2648
48391,3,7,7,1399
48393,1,1,1,195
48395,5,12,12,3356
48397,2,28,28,18044
48399,4,13,13,2043
48401,8,23,23,11193
48403,3,7,7,2035
48405,2,4,4,1137
48407,2,8,8,3522
48409,7,31,31,14547
48411,3,5,5,1075
48413,1,3,3,570
48415,3,6,6,3346
48417,2,3,3,637
48419,6,14,14,5541
48421,2,4,4,768
48423,9,61,55,35803
48425,2,5,4,1987
48427,3,27,27,17590
48429,1,5,5,1493
48431,1,8,8,291
48433,1,2,2,249
48435,1,4,4,834
48437,3,8,8,1635
48439,27,521,503,380532
48441,6,49,49,24302
48443,1,1,1,146
48445,3,8,8,2438
48447,2,2,2,308
48449,4,14,14,7100
48451,8,64,60,19711
48453,27,286,211,186676
48455,4,9,9,2320
48457,5,14,14,3648
48459,7,23,23,7863
48461,2,5,5,819
48463,4,14,14,5778
48465,2,13,13,11119
48467,8,29,28,9992
48469,4,33,33,15612
48471,5,16,15,8751
48473,3,17,17,6649
48475,2,7,7,2470
48477,2,9,9,5411
48479,4,80,78,70064
48481,5,18,18,8510
48483,4,6,6,1125
48485,6,45,45,20735
48487,3,8,8,2368
48489,4,14,14,4355
48491,14,160,154,103340
48493,4,19,19,8869
48495,2,5,5,1822
48497,7,25,25,11230
48499,6,18,18,6218
48501,2,7,7,2186
48503,3,10,10,3419
48505,1,6,6,3561
48507,2,7,7,2557
49001,1,7,7,1549
49003,2,25,24,12290
49005,8,42,36,26135
49007,3,11,10,3971
49009,1,4,4,209
49011,16,108,91,82573
49013,1,14,14,4221
49015,1,10,10,2287
49017,1,9,9,982
49019,2,5,4,1664
49021,4,20,17,10324
49023,2,10,10,2790
49025,1,10,10,1342
49027,1,10,10,2967
49029,1,5,5,3045
49031,1,5,5,308
49033,1,5,5,502
49035,49,302,252,217970
49037,1,12,12,3107
49039,2,16,16,5942
49041,2,15,15,4750
49043,5,22,20,8488
49045,4,28,26,15949
49047,3,15,13,8858
49049,29,177,152,146055
49051,3,9,8,7045
49053,7,54,49,33905
49055,1,4,4,491
49057,13,83,68,50082
50001,28,21,20,4652
50003,27,17,16,4283
50005,19,13,13,3160
50007,29,51,50,22333
50009,21,4,4,563
50011,21,22,22,8137
50013,6,5,5,654
50015,12,15,15,3729
50017,20,19,19,3967
50019,28,21,21,3952
50021,28,34,34,7810
50023,31,27,27,8153
50025,34,27,27,5503
50027,36,33,32,7238
51001,1,13,13,5262
51003,3,3,0,13044
51005,3,7,5,2244
51007,2,4,3,1808
51009,3,11,10,4139
51011,1,4,4,2304
51013,1,39,39,26176
51015,5,24,20,10384
51017,1,3,3,562
51019,1,22,22,9702
51021,1,2,2,771
51023,2,14,13,4654
51025,2,6,5,1720
51027,1,10,10,2922
51029,1,5,5,2054
51031,1,15,15,8020
51033,1,5,5,4299
51035,3,13,11,3836
51036,1,2,2,679
51037,2,6,5,1924
51041,1,66,66,60060
51043,1,4,4,1995
51045,1,2,2,615
51047,1,11,11,8202
51049,1,4,4,1364
51051,1,5,5,2189
51053,3,9,7,4394
51057,2,4,3,1406
51059,4,224,222,182827
51061,3,22,20,11065
51063,1,5,5,2042
51065,3,7,5,3588
51067,1,16,16,7352
51069,1,1,0,11778
51071,1,6,6,2401
51073,2,10,9,5500
51075,2,5,5,2594
51077,1,8,8,1644
51079,1,7,7,3177
51081,,,,1829
51083,1,12,12,5187
51085,1,26,26,18039
51087,1,81,81,52354
51089,4,17,14,7508
51091,1,2,2,218
51093,1,9,9,5451
51095,1,1,0,10258
51097,1,3,3,852
51099,1,5,5,4346
51101,3,8,7,3005
51103,1,3,3,1221
51105,1,11,11,3262
51107,1,92,92,78324
51109,1,6,6,4864
51111,1,4,4,1563
51113,1,4,4,1741
51115,1,3,3,1091
51117,1,9,9,4424
51119,1,3,3,1240
51121,2,22,21,9674
51125,1,4,4,1898
51127,2,6,4,3156
51131,2,6,5,1668
51133,2,4,3,1302
51135,2,7,6,2165
51137,1,11,11,5109
51139,1,10,10,3438
51141,1,7,7,2752
51143,2,20,19,9182
51145,2,8,7,4266
51147,1,4,4,2134
51149,2,9,8,6446
51153,3,95,93,88689
51155,2,10,9,4270
51157,1,2,2,866
51159,3,6,3,1314
51161,1,28,28,13654
51163,1,6,6,1679
51165,,,,11645
51167,2,15,14,3979
51169,2,15,14,3732
51171,2,11,10,6007
51173,2,15,14,4505
51175,1,7,7,2750
51177,2,35,34,23597
51179,2,32,31,28386
51181,1,3,3,826
51183,1,3,3,1106
51185,1,16,16,5959
51187,1,8,8,5385
51191,2,17,16,7264
51193,2,6,6,2300
51195,2,15,14,5889
51197,2,14,13,4220
51199,2,19,19,12682
53001,5,15,15,5007
53003,2,11,11,3391
53005,6,63,63,37019
53007,8,39,39,13135
53009,5,28,28,10607
53011,13,139,135,80375
53013,2,4,4,452
53015,6,44,44,17173
53017,7,24,24,7568
53019,5,12,12,874
53021,5,35,33,20110
53023,1,2,2,308
53025,9,54,54,20153
53027,13,41,41,10465
53029,3,23,23,8927
53031,5,15,15,2642
53033,28,490,480,283794
53035,8,78,75,36268
53037,7,19,19,5204
53039,10,21,21,3151
53041,14,46,45,12106
53043,8,15,15,2078
53045,7,21,21,8289
53047,8,30,30,11036
53049,6,21,21,3097
53051,3,9,9,1598
53053,20,277,271,135298
53055,4,14,14,1855
53057,8,53,49,19248
53059,4,8,8,1759
53061,16,248,247,117895
53063,18,180,174,75181
53065,12,40,40,7026
53067,10,81,80,43019
53069,1,2,2,441
53071,7,28,28,8842
53073,8,72,72,27273
53075,14,26,26,4814
53077,16,108,108,54233
54001,1,9,9,2324
54003,1,32,32,19033
54005,1,13,13,4208
54007,1,8,8,2039
54009,1,10,10,2965
54011,1,26,26,12943
54013,1,4,4,1051
54015,1,6,6,1938
54017,1,4,4,1180
54019,1,18,18,6501
54021,1,3,3,839
54023,1,5,5,1681
54025,1,14,14,4998
54027,2,13,10,3427
54029,1,8,8,4064
54031,1,6,6,2381
54033,1,27,27,10725
54035,1,13,13,4727
54037,1,16,16,9202
54039,2,92,69,26650
54041,1,6,6,2561
54043,1,8,8,3540
54045,1,18,18,5846
54047,1,11,11,3200
54049,1,22,22,8174
54051,1,14,14,4607
54053,1,12,12,4152
54055,1,28,28,9229
54057,1,14,14,4165
54059,1,11,11,4200
54061,1,19,19,11454
54063,1,5,5,1829
54065,1,7,7,2323
54067,1,14,14,3795
54069,1,13,13,5387
54071,1,4,4,931
54073,1,5,5,1137
54075,1,5,5,1061
54077,1,10,10,4513
54079,1,23,23,9715
54081,1,29,29,12180
54083,1,16,16,4123
54085,1,6,6,1444
54087,1,5,5,2304
54089,1,5,5,1559
54091,1,6,6,2456
54093,1,3,3,1009
54095,1,4,4,1309
54097,1,10,10,3785
54099,1,20,20,7135
54101,1,4,4,1396
54103,1,9,9,2554
54105,1,3,3,1025
54107,1,29,29,12904
54109,1,14,14,3977
55001,1,5,5,1556
55003,4,12,12,2720
55005,9,37,37,7724
55007,4,12,12,1566
55009,10,83,82,44443
55011,4,11,11,1921
55013,3,10,10,2597
55015,6,15,15,7132
55017,7,24,24,9063
55019,8,20,20,4832
55021,9,32,32,10271
55023,4,14,14,2240
55025,18,192,154,76704
55027,9,33,33,11374
55029,5,17,17,3449
55031,3,14,14,6281
55033,4,16,16,6139
55035,4,34,34,14344
55037,1,3,3,369
55039,6,41,41,13808
55041,3,7,7,1529
55043,11,28,28,7037
55045,6,19,19,5867
55047,4,10,10,3067
55049,5,14,14,3792
55051,2,3,3,733
55053,3,10,10,2905
55055,8,37,37,10696
55057,5,19,19,3715
55059,12,53,53,28813
55061,3,10,10,3590
55063,6,38,38,16404
55065,7,16,16,2727
55067,3,13,13,2835
55069,3,12,12,4601
55071,6,29,29,10616
55073,9,49,49,19745
55075,8,24,24,6025
55077,2,9,9,1829
55078,1,3,3,839
55079,37,284,264,136282
55081,4,28,28,7077
55083,6,18,18,4713
55085,4,15,15,4046
55087,8,77,77,32326
55089,5,28,28,12685
55091,2,4,4,1188
55093,6,25,25,7657
55095,8,26,26,7205
55097,4,28,28,9703
55099,3,12,12,1639
55101,13,59,58,29104
55103,2,9,9,1889
55105,8,63,63,27829
55107,3,9,9,1815
55109,6,28,28,14442
55111,6,37,37,10112
55113,2,10,10,2215
55115,6,17,17,5406
55117,9,51,51,19033
55119,3,10,10,3335
55121,7,23,23,5856
55123,6,22,22,4068
55125,5,13,13,2653
55127,17,41,40,16049
55129,4,17,17,2434
55131,9,38,38,19973
55133,21,112,110,61744
55135,7,28,28,8410
55137,3,10,10,2695
55139,6,52,52,22891
55141,6,34,34,11850
56001,2,19,18,4023
56003,4,16,16,2561
56005,3,24,22,8726
56007,2,12,12,2462
56009,2,15,15,2312
56011,1,6,6,1149
56013,9,34,33,6980
56015,2,12,11,1723
56017,2,4,3,658
56019,1,5,5,1292
56021,4,46,44,15171
56023,2,13,13,3521
56025,2,35,34,13318
56027,1,4,4,878
56029,3,16,16,3997
56031,2,14,14,1255
56033,4,21,20,4537
56035,2,9,9,1578
56037,2,29,29,8381
56039,3,11,9,2835
56041,3,13,13,4346
56043,2,6,6,1441
56045,2,7,7,1026
